

--Curso

INSERT INTO "USER"."CURSO" (ID_CURSO, NOMBRE, N_ESTUDIANTE, N_EVALUACIONES, N_EV_DEFICIENCIA) VALUES ('1', '25 IF', '10', '10', '10')
INSERT INTO "USER"."CURSO" (ID_CURSO, NOMBRE, N_ESTUDIANTE, N_EVALUACIONES, N_EV_DEFICIENCIA) VALUES ('2', '35 IIF', '10', '10', '10')




--Estudiante

INSERT INTO ESTUDIANTES (ID_ESTUDIANTES, RUT, DIGITO_VERIFICADOR, NOMBRE, APELLIDO_PATERNO, APELLIDO_MATERNO, CURSO_ID_CURSO, RESULTADOS_ID_RESULTADOS) VALUES (1,'12345678','1','Carlos','Contreras','Salas',1,1);
--Fila 2
INSERT INTO ESTUDIANTES (ID_ESTUDIANTES, RUT, DIGITO_VERIFICADOR, NOMBRE, APELLIDO_PATERNO, APELLIDO_MATERNO, CURSO_ID_CURSO, RESULTADOS_ID_RESULTADOS) VALUES (2,'22345678','2','Sebastian','Aguilera','Escobar',1,2);
--Fila 3
INSERT INTO ESTUDIANTES (ID_ESTUDIANTES, RUT, DIGITO_VERIFICADOR, NOMBRE, APELLIDO_PATERNO, APELLIDO_MATERNO, CURSO_ID_CURSO, RESULTADOS_ID_RESULTADOS) VALUES (3,'32345678','3','Juan','Hernandez','Rivera',1,3);
--Fila 4
INSERT INTO ESTUDIANTES (ID_ESTUDIANTES, RUT, DIGITO_VERIFICADOR, NOMBRE, APELLIDO_PATERNO, APELLIDO_MATERNO, CURSO_ID_CURSO, RESULTADOS_ID_RESULTADOS) VALUES (4,'42345678','4','Maria','Gutierrez','Maturana',1,4);
--Fila 5
INSERT INTO ESTUDIANTES (ID_ESTUDIANTES, RUT, DIGITO_VERIFICADOR, NOMBRE, APELLIDO_PATERNO, APELLIDO_MATERNO, CURSO_ID_CURSO, RESULTADOS_ID_RESULTADOS) VALUES (5,'52345678','5','Josefina','Suazo','Araos',1,5);
--Fila 6
INSERT INTO ESTUDIANTES (ID_ESTUDIANTES, RUT, DIGITO_VERIFICADOR, NOMBRE, APELLIDO_PATERNO, APELLIDO_MATERNO, CURSO_ID_CURSO, RESULTADOS_ID_RESULTADOS) VALUES (6,'62345678','6','Laura','Castillo','Sanhueza',1,6);
--Fila 7
INSERT INTO ESTUDIANTES (ID_ESTUDIANTES, RUT, DIGITO_VERIFICADOR, NOMBRE, APELLIDO_PATERNO, APELLIDO_MATERNO, CURSO_ID_CURSO, RESULTADOS_ID_RESULTADOS) VALUES (7,'72345678','7','Victor','Pavez','Gonzalez',1,7);
--Fila 8
INSERT INTO ESTUDIANTES (ID_ESTUDIANTES, RUT, DIGITO_VERIFICADOR, NOMBRE, APELLIDO_PATERNO, APELLIDO_MATERNO, CURSO_ID_CURSO, RESULTADOS_ID_RESULTADOS) VALUES (8,'82345678','8','Cristobal','Sobarzo','Román',1,8);
--Fila 9
INSERT INTO ESTUDIANTES (ID_ESTUDIANTES, RUT, DIGITO_VERIFICADOR, NOMBRE, APELLIDO_PATERNO, APELLIDO_MATERNO, CURSO_ID_CURSO, RESULTADOS_ID_RESULTADOS) VALUES (9,'92345678','9','Lucero','Nuñez','Vásquez',1,9);
--Fila 10
INSERT INTO ESTUDIANTES (ID_ESTUDIANTES, RUT, DIGITO_VERIFICADOR, NOMBRE, APELLIDO_PATERNO, APELLIDO_MATERNO, CURSO_ID_CURSO, RESULTADOS_ID_RESULTADOS) VALUES (10,'10334567','k','Katherine','Zamorano','Alegría',2,10);
--Fila 11
INSERT INTO ESTUDIANTES (ID_ESTUDIANTES, RUT, DIGITO_VERIFICADOR, NOMBRE, APELLIDO_PATERNO, APELLIDO_MATERNO, CURSO_ID_CURSO, RESULTADOS_ID_RESULTADOS) VALUES (11,'11234567','1','Ana','Morales','Rubilar',2,11);
--Fila 12
INSERT INTO ESTUDIANTES (ID_ESTUDIANTES, RUT, DIGITO_VERIFICADOR, NOMBRE, APELLIDO_PATERNO, APELLIDO_MATERNO, CURSO_ID_CURSO, RESULTADOS_ID_RESULTADOS) VALUES (12,'21234567','2','Juana','Manríquez','Lizana',2,12);
--Fila 13
INSERT INTO ESTUDIANTES (ID_ESTUDIANTES, RUT, DIGITO_VERIFICADOR, NOMBRE, APELLIDO_PATERNO, APELLIDO_MATERNO, CURSO_ID_CURSO, RESULTADOS_ID_RESULTADOS) VALUES (13,'31234567','3','Lucia','Robe','Rodriguez',2,13);
--Fila 14
INSERT INTO ESTUDIANTES (ID_ESTUDIANTES, RUT, DIGITO_VERIFICADOR, NOMBRE, APELLIDO_PATERNO, APELLIDO_MATERNO, CURSO_ID_CURSO, RESULTADOS_ID_RESULTADOS) VALUES (14,'41234567','4','Daniela','Cárdenas','Zapata',2,14);
--Fila 15
INSERT INTO ESTUDIANTES (ID_ESTUDIANTES, RUT, DIGITO_VERIFICADOR, NOMBRE, APELLIDO_PATERNO, APELLIDO_MATERNO, CURSO_ID_CURSO, RESULTADOS_ID_RESULTADOS) VALUES (15,'51234567','5','Fernanda','Alarcón','Olivos',2,15);
--Fila 16
INSERT INTO ESTUDIANTES (ID_ESTUDIANTES, RUT, DIGITO_VERIFICADOR, NOMBRE, APELLIDO_PATERNO, APELLIDO_MATERNO, CURSO_ID_CURSO, RESULTADOS_ID_RESULTADOS) VALUES (16,'61234567','6','Joaquin','Videla','Aquino',2,16);
--Fila 17
INSERT INTO ESTUDIANTES (ID_ESTUDIANTES, RUT, DIGITO_VERIFICADOR, NOMBRE, APELLIDO_PATERNO, APELLIDO_MATERNO, CURSO_ID_CURSO, RESULTADOS_ID_RESULTADOS) VALUES (17,'71234567','7','Daniel','Díaz','Borquez',2,17);
--Fila 18
INSERT INTO ESTUDIANTES (ID_ESTUDIANTES, RUT, DIGITO_VERIFICADOR, NOMBRE, APELLIDO_PATERNO, APELLIDO_MATERNO, CURSO_ID_CURSO, RESULTADOS_ID_RESULTADOS) VALUES (18,'81234567','8','Jorge','Jerez','Salgado',2,18);
--Fila 19
INSERT INTO ESTUDIANTES (ID_ESTUDIANTES, RUT, DIGITO_VERIFICADOR, NOMBRE, APELLIDO_PATERNO, APELLIDO_MATERNO, CURSO_ID_CURSO, RESULTADOS_ID_RESULTADOS) VALUES (19,'91234567','9','Felipe','Sepulveda','Valladarez',2,19);
--Fila 20
INSERT INTO ESTUDIANTES (ID_ESTUDIANTES, RUT, DIGITO_VERIFICADOR, NOMBRE, APELLIDO_PATERNO, APELLIDO_MATERNO, CURSO_ID_CURSO, RESULTADOS_ID_RESULTADOS) VALUES (20,'93334567','k','Pedro','Lizama','Pino',2,20);

--Resultado

--Solo algunos ejemplos de INSERT INTO por el espacio
INSERT INTO RESULTADOS (ID_RESULTADOS, PREGUNTAS_ID_PREGUNTAS, ALTERNATIVAS_ID_ALTERNATIVAS, PUNTAJE_NO_NORMA, PUNTAJE_NORMALIZADO) VALUES (20,17,67,8,4.7);

INSERT INTO RESULTADOS (ID_RESULTADOS, PREGUNTAS_ID_PREGUNTAS, ALTERNATIVAS_ID_ALTERNATIVAS, PUNTAJE_NO_NORMA, PUNTAJE_NORMALIZADO) VALUES (20,18,69,8,4.7);

INSERT INTO RESULTADOS (ID_RESULTADOS, PREGUNTAS_ID_PREGUNTAS, ALTERNATIVAS_ID_ALTERNATIVAS, PUNTAJE_NO_NORMA, PUNTAJE_NORMALIZADO) VALUES (20,18,72,8,4.7);

INSERT INTO RESULTADOS (ID_RESULTADOS, PREGUNTAS_ID_PREGUNTAS, ALTERNATIVAS_ID_ALTERNATIVAS, PUNTAJE_NO_NORMA, PUNTAJE_NORMALIZADO) VALUES (20,19,76,8,4.7);

INSERT INTO RESULTADOS (ID_RESULTADOS, PREGUNTAS_ID_PREGUNTAS, ALTERNATIVAS_ID_ALTERNATIVAS, PUNTAJE_NO_NORMA, PUNTAJE_NORMALIZADO) VALUES (20,20,77,8,4.7);
